"","sample","Cell_A","Cell_A_num","Cell_A_count","Cell_B","Cell_B_num","Cell_B_count ","original_CLQ ","normalized_CLQ ","percentile","significant"
"1","TAFs1","PanCK+Vim+MUC1+","1","69","PanCK+Vim+MUC1+","1","69","111.546035805627","4.76743712452907","1",TRUE
"2","TAFs1","PanCK+Vim+MUC1+","1","69","PanCK+Vim+MUC1-","2","65","29.6853957636566","0.485490841736982","0.988",TRUE
"3","TAFs1","PanCK+Vim+MUC1+","1","69","PanCK+Vim-MUC1+","3","955","23.5489490856666","1.2109309084091","1",TRUE
"4","TAFs1","PanCK+Vim+MUC1+","1","69","PanCK+Vim-MUC1-","4","358","21.5592259736054","0.25935069744476","0.766",FALSE
"5","TAFs1","PanCK+Vim+MUC1+","1","69","PanCK-Vim-MUC1-","5","518","19.6525935873762","-0.0785463071512323","0.388",FALSE
"6","TAFs1","PanCK+Vim+MUC1+","1","69","PanCK-Vim+MUC1+","6","12","0","-0.542733724159211","0.002",TRUE
"7","TAFs1","PanCK+Vim+MUC1+","1","69","PanCK-Vim+MUC1-","7","170","14.8728047740835","-0.550062840385422","0.042",TRUE
"8","TAFs1","PanCK+Vim+MUC1+","1","69","PanCK-Vim-MUC1+","8","105","18.3766735679779","-0.144688644688645","0.35",FALSE
"9","TAFs1","PanCK+Vim+MUC1+","1","69","aSMA+CD90+PDGFRb+PDPN+CAV1+","9","807","16.0775281504229","-1.05798138869004","0",TRUE
"10","TAFs1","PanCK+Vim+MUC1+","1","69","aSMA+CD90+PDGFRb-PDPN+CAV1+","10","41","24.3425238600212","0.237158840481438","0.828",FALSE
"11","TAFs1","PanCK+Vim+MUC1+","1","69","aSMA+CD90+PDGFRb-PDPN-CAV1+","11","59","13.5327929255711","-0.420858198351804","0.096",FALSE
"12","TAFs1","PanCK+Vim+MUC1+","1","69","aSMA+CD90+PDGFRb-PDPN-CAV1-","12","255","15.9165103722648","-0.521709725415934","0.044",TRUE
"13","TAFs1","PanCK+Vim+MUC1+","1","69","aSMA+CD90-PDGFRb-PDPN-CAV1+","13","14","4.75258799171843","-0.479289940828402","0.018",TRUE
"14","TAFs1","PanCK+Vim+MUC1+","1","69","aSMA+CD90-PDGFRb-PDPN-CAV1-","14","72","2.77234299516908","-1.21787345075016","0",TRUE
"15","TAFs1","PanCK+Vim+MUC1+","1","69","CD90+PDGFRb-PDPN-CAV1-","15","358","21.3733705772812","0.295333542123395","0.772",FALSE
"16","TAFs1","PanCK+Vim+MUC1+","1","69","CD90-PDGFRb+PDPN-CAV1-","16","145","13.3072463768116","-0.666203832268813","0.004",TRUE
"17","TAFs1","PanCK+Vim+MUC1+","1","69","CD90-PDGFRb-PDPN+CAV1-","17","482","14.3563653857718","-1.30193746403222","0",TRUE
"18","TAFs1","PanCK+Vim+MUC1+","1","69","CD90-PDGFRb-PDPN-CAV1+","18","107","17.4113503995666","-0.204214751630707","0.202",FALSE
"19","TAFs1","PanCK+Vim+MUC1-","2","65","PanCK+Vim+MUC1+","1","69","32.7562987736901","0.862618491551038","0.994",TRUE
"20","TAFs1","PanCK+Vim+MUC1-","2","65","PanCK+Vim+MUC1-","2","65","52.9730769230769","1.86880973066898","1",TRUE
"21","TAFs1","PanCK+Vim+MUC1-","2","65","PanCK+Vim-MUC1+","3","955","24.0366492146597","1.24618414574101","1",TRUE
"22","TAFs1","PanCK+Vim+MUC1-","2","65","PanCK+Vim-MUC1-","4","358","33.1451654490761","1.46296296296296","1",TRUE
"23","TAFs1","PanCK+Vim+MUC1-","2","65","PanCK-Vim-MUC1-","5","518","15.2715176715177","-1.07893756981507","0.004",TRUE
"24","TAFs1","PanCK+Vim+MUC1-","2","65","PanCK-Vim+MUC1+","6","12","0","-0.533742331288343","0.002",TRUE
"25","TAFs1","PanCK+Vim+MUC1-","2","65","PanCK-Vim+MUC1-","7","170","20.3582805429864","0.0313553849465452","0.6",FALSE
"26","TAFs1","PanCK+Vim+MUC1-","2","65","PanCK-Vim-MUC1+","8","105","13.4534798534799","-0.647989452867501","0.02",TRUE
"27","TAFs1","PanCK+Vim+MUC1-","2","65","aSMA+CD90+PDGFRb+PDPN+CAV1+","9","807","9.18987703746068","-2.85752563984105","0",TRUE
"28","TAFs1","PanCK+Vim+MUC1-","2","65","aSMA+CD90+PDGFRb-PDPN+CAV1+","10","41","8.61350844277674","-0.559166256359758","0.006",TRUE
"29","TAFs1","PanCK+Vim+MUC1-","2","65","aSMA+CD90+PDGFRb-PDPN-CAV1+","11","59","15.5627118644068","-0.296596434359805","0.18",FALSE
"30","TAFs1","PanCK+Vim+MUC1-","2","65","aSMA+CD90+PDGFRb-PDPN-CAV1-","12","255","12.4642533936652","-1.01347195782691","0",TRUE
"31","TAFs1","PanCK+Vim+MUC1-","2","65","aSMA+CD90-PDGFRb-PDPN-CAV1+","13","14","5.04505494505495","-0.43143429716576","0.008",TRUE
"32","TAFs1","PanCK+Vim+MUC1-","2","65","aSMA+CD90-PDGFRb-PDPN-CAV1-","14","72","6.86688034188034","-0.994680851063829","0.004",TRUE
"33","TAFs1","PanCK+Vim+MUC1-","2","65","CD90+PDGFRb-PDPN-CAV1-","15","358","19.9265577997422","0.00409742772592782","0.494",FALSE
"34","TAFs1","PanCK+Vim+MUC1-","2","65","CD90-PDGFRb+PDPN-CAV1-","16","145","25.8167639257294","0.601116872756286","0.984",TRUE
"35","TAFs1","PanCK+Vim+MUC1-","2","65","CD90-PDGFRb-PDPN+CAV1-","17","482","27.4023938716885","1.83098489775274","1",TRUE
"36","TAFs1","PanCK+Vim+MUC1-","2","65","CD90-PDGFRb-PDPN-CAV1+","18","107","19.1429187634795","-0.0642543567912724","0.478",FALSE
"37","TAFs1","PanCK+Vim-MUC1+","3","955","PanCK+Vim+MUC1+","1","69","23.4792776386676","1.02002242511612","1",TRUE
"38","TAFs1","PanCK+Vim-MUC1+","3","955","PanCK+Vim+MUC1-","2","65","23.8147724526782","1.21116846550915","1",TRUE
"39","TAFs1","PanCK+Vim-MUC1+","3","955","PanCK+Vim-MUC1+","3","955","38.6047735080729","12.9278178246063","1",TRUE
"40","TAFs1","PanCK+Vim-MUC1+","3","955","PanCK+Vim-MUC1-","4","358","20.8541431454561","0.575949255260893","0.962",TRUE
"41","TAFs1","PanCK+Vim-MUC1+","3","955","PanCK-Vim-MUC1-","5","518","17.2989629869211","-2.50744472335885","0",TRUE
"42","TAFs1","PanCK+Vim-MUC1+","3","955","PanCK-Vim+MUC1+","6","12","9.61465968586387","-1.19421101774043","0",TRUE
"43","TAFs1","PanCK+Vim-MUC1+","3","955","PanCK-Vim+MUC1-","7","170","13.262574684324","-2.32248572597777","0",TRUE
"44","TAFs1","PanCK+Vim-MUC1+","3","955","PanCK-Vim-MUC1+","8","105","17.3979556220394","-0.96224372420327","0.004",TRUE
"45","TAFs1","PanCK+Vim-MUC1+","3","955","aSMA+CD90+PDGFRb+PDPN+CAV1+","9","807","10.2103635077885","-10.8964079071062","0",TRUE
"46","TAFs1","PanCK+Vim-MUC1+","3","955","aSMA+CD90+PDGFRb-PDPN+CAV1+","10","41","16.8842804239561","-0.554621848739493","0.014",TRUE
"47","TAFs1","PanCK+Vim-MUC1+","3","955","aSMA+CD90+PDGFRb-PDPN-CAV1+","11","59","10.6739018546455","-2.6572380908291","0",TRUE
"48","TAFs1","PanCK+Vim-MUC1+","3","955","aSMA+CD90+PDGFRb-PDPN-CAV1-","12","255","9.27531875577456","-6.28824104524058","0",TRUE
"49","TAFs1","PanCK+Vim-MUC1+","3","955","aSMA+CD90-PDGFRb-PDPN-CAV1+","13","14","16.4822737471952","-0.380050601855403","0.114",FALSE
"50","TAFs1","PanCK+Vim-MUC1+","3","955","aSMA+CD90-PDGFRb-PDPN-CAV1-","14","72","13.0866201279814","-1.88465071840666","0",TRUE
"51","TAFs1","PanCK+Vim-MUC1+","3","955","CD90+PDGFRb-PDPN-CAV1-","15","358","17.0405071806721","-2.04377054078272","0",TRUE
"52","TAFs1","PanCK+Vim-MUC1+","3","955","CD90-PDGFRb+PDPN-CAV1-","16","145","16.2454594692183","-1.51844591467232","0",TRUE
"53","TAFs1","PanCK+Vim-MUC1+","3","955","CD90-PDGFRb-PDPN+CAV1-","17","482","16.2372053616041","-3.54493699711568","0",TRUE
"54","TAFs1","PanCK+Vim-MUC1+","3","955","CD90-PDGFRb-PDPN-CAV1+","18","107","16.9829035572736","-0.930073037296227","0",TRUE
"55","TAFs1","PanCK+Vim-MUC1-","4","358","PanCK+Vim+MUC1+","1","69","19.5148166140393","-0.0696617194812149","0.452",FALSE
"56","TAFs1","PanCK+Vim-MUC1-","4","358","PanCK+Vim+MUC1-","2","65","32.7505801461109","1.72401587471844","1",TRUE
"57","TAFs1","PanCK+Vim-MUC1-","4","358","PanCK+Vim-MUC1+","3","955","21.8478370236041","1.37442850386249","1",TRUE
"58","TAFs1","PanCK+Vim-MUC1-","4","358","PanCK+Vim-MUC1-","4","358","59.0910833607186","11.8631762272777","1",TRUE
"59","TAFs1","PanCK+Vim-MUC1-","4","358","PanCK-Vim-MUC1-","5","518","17.2554895278359","-1.41508459253519","0",TRUE
"60","TAFs1","PanCK+Vim-MUC1-","4","358","PanCK-Vim+MUC1+","6","12","6.41201117318436","-0.569365976145638","0",TRUE
"61","TAFs1","PanCK+Vim-MUC1-","4","358","PanCK-Vim+MUC1-","7","170","13.0503286230693","-1.84495021337127","0",TRUE
"62","TAFs1","PanCK+Vim-MUC1-","4","358","PanCK-Vim-MUC1+","8","105","20.0299015695664","-0.0148690110927532","0.478",FALSE
"63","TAFs1","PanCK+Vim-MUC1-","4","358","aSMA+CD90+PDGFRb+PDPN+CAV1+","9","807","4.6878396433442","-10.2160816793407","0",TRUE
"64","TAFs1","PanCK+Vim-MUC1-","4","358","aSMA+CD90+PDGFRb-PDPN+CAV1+","10","41","25.6480446927374","0.752148050231329","0.992",TRUE
"65","TAFs1","PanCK+Vim-MUC1-","4","358","aSMA+CD90+PDGFRb-PDPN-CAV1+","11","59","7.39011457248367","-2.17272928502916","0",TRUE
"66","TAFs1","PanCK+Vim-MUC1-","4","358","aSMA+CD90+PDGFRb-PDPN-CAV1-","12","255","7.74470369153248","-4.31990353241597","0",TRUE
"67","TAFs1","PanCK+Vim-MUC1-","4","358","aSMA+CD90-PDGFRb-PDPN-CAV1+","13","14","2.74800478850758","-1.33116699632665","0",TRUE
"68","TAFs1","PanCK+Vim-MUC1-","4","358","aSMA+CD90-PDGFRb-PDPN-CAV1-","14","72","10.3304624456859","-1.76752767527677","0",TRUE
"69","TAFs1","PanCK+Vim-MUC1-","4","358","CD90+PDGFRb-PDPN-CAV1-","15","358","21.0270980930683","0.351671760674257","0.912",FALSE
"70","TAFs1","PanCK+Vim-MUC1-","4","358","CD90-PDGFRb+PDPN-CAV1-","16","145","23.8792140242728","0.91473396998636","0.998",TRUE
"71","TAFs1","PanCK+Vim-MUC1-","4","358","CD90-PDGFRb-PDPN+CAV1-","17","482","22.7480064442848","0.999999999999983","1",TRUE
"72","TAFs1","PanCK+Vim-MUC1-","4","358","CD90-PDGFRb-PDPN-CAV1+","18","107","28.6443115960946","1.79732894802413","1",TRUE
"73","TAFs1","PanCK-Vim-MUC1-","5","518","PanCK+Vim+MUC1+","1","69","17.4689720776677","-0.456465340676347","0.062",FALSE
"74","TAFs1","PanCK-Vim-MUC1-","5","518","PanCK+Vim+MUC1-","2","65","14.3170478170478","-1.12603576101176","0",TRUE
"75","TAFs1","PanCK-Vim-MUC1-","5","518","PanCK+Vim-MUC1+","3","955","18.0414077503083","-1.61102638754103","0",TRUE
"76","TAFs1","PanCK-Vim-MUC1-","5","518","PanCK+Vim-MUC1-","4","358","17.4535439270076","-0.913867079705898","0",TRUE
"77","TAFs1","PanCK-Vim-MUC1-","5","518","PanCK-Vim-MUC1-","5","518","51.2061604295647","11.5806303841603","1",TRUE
"78","TAFs1","PanCK-Vim-MUC1-","5","518","PanCK-Vim+MUC1+","6","12","15.5101351351351","-0.404118748328429","0.148",FALSE
"79","TAFs1","PanCK-Vim-MUC1-","5","518","PanCK-Vim+MUC1-","7","170","18.1429479900068","-0.619148187258011","0.034",TRUE
"80","TAFs1","PanCK-Vim-MUC1-","5","518","PanCK-Vim-MUC1+","8","105","34.016786173929","2.34290803200362","1",TRUE
"81","TAFs1","PanCK-Vim-MUC1-","5","518","aSMA+CD90+PDGFRb+PDPN+CAV1+","9","807","8.05022414873716","-10.8564430670795","0",TRUE
"82","TAFs1","PanCK-Vim-MUC1-","5","518","aSMA+CD90+PDGFRb-PDPN+CAV1+","10","41","16.6450230718523","-0.700523945215549","0.07",FALSE
"83","TAFs1","PanCK-Vim-MUC1-","5","518","aSMA+CD90+PDGFRb-PDPN-CAV1+","11","59","9.91446894836725","-2.16496998172801","0",TRUE
"84","TAFs1","PanCK-Vim-MUC1-","5","518","aSMA+CD90+PDGFRb-PDPN-CAV1-","12","255","13.7983723219017","-3.19711990737384","0",TRUE
"85","TAFs1","PanCK-Vim-MUC1-","5","518","aSMA+CD90-PDGFRb-PDPN-CAV1+","13","14","5.69760066188638","-1.12282780410742","0",TRUE
"86","TAFs1","PanCK-Vim-MUC1-","5","518","aSMA+CD90-PDGFRb-PDPN-CAV1-","14","72","11.4479568854569","-1.93222059321078","0",TRUE
"87","TAFs1","PanCK-Vim-MUC1-","5","518","CD90+PDGFRb-PDPN-CAV1-","15","358","19.1370063199672","-0.412624035281142","0.098",FALSE
"88","TAFs1","PanCK-Vim-MUC1-","5","518","CD90-PDGFRb+PDPN-CAV1-","16","145","20.8431766742112","0.292933494156305","0.808",FALSE
"89","TAFs1","PanCK-Vim-MUC1-","5","518","CD90-PDGFRb-PDPN+CAV1-","17","482","18.8291385635784","-0.619634340222577","0.01",TRUE
"90","TAFs1","PanCK-Vim-MUC1-","5","518","CD90-PDGFRb-PDPN-CAV1+","18","107","15.98641431819","-0.797423692707119","0",TRUE
"91","TAFs1","PanCK-Vim+MUC1+","6","12","PanCK+Vim+MUC1+","1","69","5.54468599033816","-0.336898395721925","0.15",FALSE
"92","TAFs1","PanCK-Vim+MUC1+","6","12","PanCK+Vim+MUC1-","2","65","5.88589743589744","-0.332977872567315","0.028",TRUE
"93","TAFs1","PanCK-Vim+MUC1+","6","12","PanCK+Vim-MUC1+","3","955","8.41282722513089","-1.63943080100986","0",TRUE
"94","TAFs1","PanCK-Vim+MUC1+","6","12","PanCK+Vim-MUC1-","4","358","5.3433426443203","-0.690533015115355","0",TRUE
"95","TAFs1","PanCK-Vim+MUC1+","6","12","PanCK-Vim-MUC1-","5","518","15.5101351351351","-0.447387465624548","0.12",FALSE
"96","TAFs1","PanCK-Vim+MUC1+","6","12","PanCK-Vim+MUC1+","6","12","1043.40909090909","4.61635220125786","1",TRUE
"97","TAFs1","PanCK-Vim+MUC1+","6","12","PanCK-Vim+MUC1-","7","170","51.7612745098039","1.55567903978662","1",TRUE
"98","TAFs1","PanCK-Vim+MUC1+","6","12","PanCK-Vim-MUC1+","8","105","109.309523809524","2.86741363211952","1",TRUE
"99","TAFs1","PanCK-Vim+MUC1+","6","12","aSMA+CD90+PDGFRb+PDPN+CAV1+","9","807","14.2224287484511","-0.66315556048343","0.018",TRUE
"100","TAFs1","PanCK-Vim+MUC1+","6","12","aSMA+CD90+PDGFRb-PDPN+CAV1+","10","41","0","-0.443298969072165","0.002",TRUE
"101","TAFs1","PanCK-Vim+MUC1+","6","12","aSMA+CD90+PDGFRb-PDPN-CAV1+","11","59","19.4533898305085","-0.0217983651226159","0.382",FALSE
"102","TAFs1","PanCK-Vim+MUC1+","6","12","aSMA+CD90+PDGFRb-PDPN-CAV1-","12","255","88.5192810457516","3.92548614696266","1",TRUE
"103","TAFs1","PanCK-Vim+MUC1+","6","12","aSMA+CD90-PDGFRb-PDPN-CAV1+","13","14","81.9821428571429","0.528079282680509","0.96",TRUE
"104","TAFs1","PanCK-Vim+MUC1+","6","12","aSMA+CD90-PDGFRb-PDPN-CAV1-","14","72","31.8819444444444","0.299719887955182","0.918",FALSE
"105","TAFs1","PanCK-Vim+MUC1+","6","12","CD90+PDGFRb-PDPN-CAV1-","15","358","3.20600558659218","-0.785349928586002","0",TRUE
"106","TAFs1","PanCK-Vim+MUC1+","6","12","CD90-PDGFRb+PDPN-CAV1-","16","145","0","-0.891700165523764","0",TRUE
"107","TAFs1","PanCK-Vim+MUC1+","6","12","CD90-PDGFRb-PDPN+CAV1-","17","482","1.58748271092669","-1.55170561375235","0",TRUE
"108","TAFs1","PanCK-Vim+MUC1+","6","12","CD90-PDGFRb-PDPN-CAV1+","18","107","7.15109034267913","-0.366386882685927","0.02",TRUE
"109","TAFs1","PanCK-Vim+MUC1-","7","170","PanCK+Vim+MUC1+","1","69","15.2641943734015","-0.429388221841051","0.058",FALSE
"110","TAFs1","PanCK-Vim+MUC1-","7","170","PanCK+Vim+MUC1-","2","65","21.6047058823529","0.140963756851837","0.744",FALSE
"111","TAFs1","PanCK-Vim+MUC1-","7","170","PanCK+Vim-MUC1+","3","955","13.4605235602094","-3.41902397209656","0",TRUE
"112","TAFs1","PanCK-Vim+MUC1-","7","170","PanCK+Vim-MUC1-","4","358","12.5222806441012","-2.23418211633947","0",TRUE
"113","TAFs1","PanCK-Vim+MUC1-","7","170","PanCK-Vim-MUC1-","5","518","18.6642970701794","-0.37811198657839","0.086",FALSE
"114","TAFs1","PanCK-Vim+MUC1-","7","170","PanCK-Vim+MUC1+","6","12","54.0117647058823","1.87260034904014","1",TRUE
"115","TAFs1","PanCK-Vim+MUC1-","7","170","PanCK-Vim+MUC1-","7","170","85.8115906717717","6.72157196102789","1",TRUE
"116","TAFs1","PanCK-Vim+MUC1-","7","170","PanCK-Vim-MUC1+","8","105","13.1171428571429","-1.0564739381476","0.004",TRUE
"117","TAFs1","PanCK-Vim+MUC1-","7","170","aSMA+CD90+PDGFRb+PDPN+CAV1+","9","807","23.8602157591661","1.90196464298599","1",TRUE
"118","TAFs1","PanCK-Vim+MUC1-","7","170","aSMA+CD90+PDGFRb-PDPN+CAV1+","10","41","10.5388809182209","-0.800720288115249","0.01",TRUE
"119","TAFs1","PanCK-Vim+MUC1-","7","170","aSMA+CD90+PDGFRb-PDPN-CAV1+","11","59","30.6676969092722","0.958564680533683","1",TRUE
"120","TAFs1","PanCK-Vim+MUC1-","7","170","aSMA+CD90+PDGFRb-PDPN-CAV1-","12","255","27.9590311418685","2.00865318256623","1",TRUE
"121","TAFs1","PanCK-Vim+MUC1-","7","170","aSMA+CD90-PDGFRb-PDPN-CAV1+","13","14","19.2899159663866","-0.0389610389610391","0.414",FALSE
"122","TAFs1","PanCK-Vim+MUC1-","7","170","aSMA+CD90-PDGFRb-PDPN-CAV1-","14","72","22.1298202614379","0.244310099573257","0.79",FALSE
"123","TAFs1","PanCK-Vim+MUC1-","7","170","CD90+PDGFRb-PDPN-CAV1-","15","358","13.27663489977","-2.10796595581905","0",TRUE
"124","TAFs1","PanCK-Vim+MUC1-","7","170","CD90-PDGFRb+PDPN-CAV1-","16","145","21.6047058823529","0.287925696594428","0.852",FALSE
"125","TAFs1","PanCK-Vim+MUC1-","7","170","CD90-PDGFRb-PDPN+CAV1-","17","482","13.0547107639736","-2.30223880597018","0",TRUE
"126","TAFs1","PanCK-Vim+MUC1-","7","170","CD90-PDGFRb-PDPN-CAV1+","18","107","10.3480483782298","-1.54011773244093","0",TRUE
"127","TAFs1","PanCK-Vim-MUC1+","8","105","PanCK+Vim+MUC1+","1","69","19.6440303657695","-0.037209905354596","0.442",FALSE
"128","TAFs1","PanCK-Vim-MUC1+","8","105","PanCK+Vim+MUC1-","2","65","12.7808058608059","-0.663380975850171","0.012",TRUE
"129","TAFs1","PanCK-Vim-MUC1+","8","105","PanCK+Vim-MUC1+","3","955","16.436489653453","-1.40541127106995","0",TRUE
"130","TAFs1","PanCK-Vim-MUC1+","8","105","PanCK+Vim-MUC1-","4","358","17.3429635541367","-0.675879101493592","0.032",TRUE
"131","TAFs1","PanCK-Vim-MUC1+","8","105","PanCK-Vim-MUC1-","5","518","33.4259238830667","2.72614164615807","1",TRUE
"132","TAFs1","PanCK-Vim-MUC1+","8","105","PanCK-Vim+MUC1+","6","12","116.596825396825","3.08719851576995","1",TRUE
"133","TAFs1","PanCK-Vim-MUC1+","8","105","PanCK-Vim+MUC1-","7","170","12.6027450980392","-0.834381551362686","0",TRUE
"134","TAFs1","PanCK-Vim-MUC1+","8","105","PanCK-Vim-MUC1+","8","105","155.976282051282","9.12916337360278","1",TRUE
"135","TAFs1","PanCK-Vim-MUC1+","8","105","aSMA+CD90+PDGFRb+PDPN+CAV1+","9","807","8.93981235616923","-3.6215338496128","0",TRUE
"136","TAFs1","PanCK-Vim-MUC1+","8","105","aSMA+CD90+PDGFRb-PDPN+CAV1+","10","41","6.398606271777","-0.85356811862836","0",TRUE
"137","TAFs1","PanCK-Vim-MUC1+","8","105","aSMA+CD90+PDGFRb-PDPN-CAV1+","11","59","12.598385794996","-0.526315789473683","0.016",TRUE
"138","TAFs1","PanCK-Vim-MUC1+","8","105","aSMA+CD90+PDGFRb-PDPN-CAV1-","12","255","18.0039215686275","-0.302429429589072","0.128",FALSE
"139","TAFs1","PanCK-Vim-MUC1+","8","105","aSMA+CD90-PDGFRb-PDPN-CAV1+","13","14","24.9850340136054","0.207397622192867","0.8",FALSE
"140","TAFs1","PanCK-Vim-MUC1+","8","105","aSMA+CD90-PDGFRb-PDPN-CAV1-","14","72","10.9309523809524","-1.06501465494271","0.004",TRUE
"141","TAFs1","PanCK-Vim-MUC1+","8","105","CD90+PDGFRb-PDPN-CAV1-","15","358","15.9994945464219","-0.834813593575493","0.004",TRUE
"142","TAFs1","PanCK-Vim-MUC1+","8","105","CD90-PDGFRb+PDPN-CAV1-","16","145","8.7447619047619","-1.66903914590748","0",TRUE
"143","TAFs1","PanCK-Vim-MUC1+","8","105","CD90-PDGFRb-PDPN+CAV1-","17","482","17.779806362379","-0.521077792264228","0.03",TRUE
"144","TAFs1","PanCK-Vim-MUC1+","8","105","CD90-PDGFRb-PDPN-CAV1+","18","107","10.6244770805518","-0.882943668601916","0",TRUE
"145","TAFs1","aSMA+CD90+PDGFRb+PDPN+CAV1+","9","807","PanCK+Vim+MUC1+","1","69","15.8301815634933","-1.29819759334814","0.004",TRUE
"146","TAFs1","aSMA+CD90+PDGFRb+PDPN+CAV1+","9","807","PanCK+Vim+MUC1-","2","65","8.40217329139262","-2.54541970103489","0",TRUE
"147","TAFs1","aSMA+CD90+PDGFRb+PDPN+CAV1+","9","807","PanCK+Vim-MUC1+","3","955","10.75245398574","-11.0751978140832","0",TRUE
"148","TAFs1","aSMA+CD90+PDGFRb+PDPN+CAV1+","9","807","PanCK+Vim-MUC1-","4","358","4.38591098834915","-10.0408163265304","0",TRUE
"149","TAFs1","aSMA+CD90+PDGFRb+PDPN+CAV1+","9","807","PanCK-Vim-MUC1-","5","518","8.13808471243415","-9.91549945560889","0",TRUE
"150","TAFs1","aSMA+CD90+PDGFRb+PDPN+CAV1+","9","807","PanCK-Vim+MUC1+","6","12","20.8595621643949","0.0821094793057391","0.626",FALSE
"151","TAFs1","aSMA+CD90+PDGFRb+PDPN+CAV1+","9","807","PanCK-Vim+MUC1-","7","170","23.7932866827028","1.60915143788071","1",TRUE
"152","TAFs1","aSMA+CD90+PDGFRb+PDPN+CAV1+","9","807","PanCK-Vim-MUC1+","8","105","10.5652327845636","-2.73394088981708","0",TRUE
"153","TAFs1","aSMA+CD90+PDGFRb+PDPN+CAV1+","9","807","aSMA+CD90+PDGFRb+PDPN+CAV1+","9","807","64.3150227076357","40.6632281946071","1",TRUE
"154","TAFs1","aSMA+CD90+PDGFRb+PDPN+CAV1+","9","807","aSMA+CD90+PDGFRb-PDPN+CAV1+","10","41","16.6506482908695","-0.537140015371399","0.028",TRUE
"155","TAFs1","aSMA+CD90+PDGFRb+PDPN+CAV1+","9","807","aSMA+CD90+PDGFRb-PDPN-CAV1+","11","59","34.0374057505303","3.03945725464079","1",TRUE
"156","TAFs1","aSMA+CD90+PDGFRb+PDPN+CAV1+","9","807","aSMA+CD90+PDGFRb-PDPN-CAV1-","12","255","22.5997181524407","1.25306311815936","1",TRUE
"157","TAFs1","aSMA+CD90+PDGFRb+PDPN+CAV1+","9","807","aSMA+CD90-PDGFRb-PDPN-CAV1+","13","14","50.7943883873252","3.43352861649393","1",TRUE
"158","TAFs1","aSMA+CD90+PDGFRb+PDPN+CAV1+","9","807","aSMA+CD90-PDGFRb-PDPN-CAV1-","14","72","36.1881798155032","4.27930487091658","1",TRUE
"159","TAFs1","aSMA+CD90+PDGFRb+PDPN+CAV1+","9","807","CD90+PDGFRb-PDPN-CAV1-","15","358","4.49714786124207","-9.31519721355718","0",TRUE
"160","TAFs1","aSMA+CD90+PDGFRb+PDPN+CAV1+","9","807","CD90-PDGFRb+PDPN-CAV1-","16","145","7.92532581292997","-4.64238730311989","0",TRUE
"161","TAFs1","aSMA+CD90+PDGFRb+PDPN+CAV1+","9","807","CD90-PDGFRb-PDPN+CAV1-","17","482","4.08378452030213","-11.2796444176585","0",TRUE
"162","TAFs1","aSMA+CD90+PDGFRb+PDPN+CAV1+","9","807","CD90-PDGFRb-PDPN-CAV1+","18","107","3.61542113979316","-5.41590580604228","0",TRUE
"163","TAFs1","aSMA+CD90+PDGFRb-PDPN+CAV1+","10","41","PanCK+Vim+MUC1+","1","69","16.2283492400141","-0.187648456057007","0.336",FALSE
"164","TAFs1","aSMA+CD90+PDGFRb-PDPN+CAV1+","10","41","PanCK+Vim+MUC1-","2","65","6.89080675422139","-0.63078930202218","0.006",TRUE
"165","TAFs1","aSMA+CD90+PDGFRb-PDPN+CAV1+","10","41","PanCK+Vim-MUC1+","3","955","16.1807687396246","-0.805506795726968","0",TRUE
"166","TAFs1","aSMA+CD90+PDGFRb-PDPN+CAV1+","10","41","PanCK+Vim-MUC1-","4","358","30.0269791524731","1.10291595197256","1",TRUE
"167","TAFs1","aSMA+CD90+PDGFRb-PDPN+CAV1+","10","41","PanCK-Vim-MUC1-","5","518","19.4552217722949","-0.0807215894920607","0.43",FALSE
"168","TAFs1","aSMA+CD90+PDGFRb-PDPN+CAV1+","10","41","PanCK-Vim+MUC1+","6","12","0","-0.303592120509849","0.002",TRUE
"169","TAFs1","aSMA+CD90+PDGFRb-PDPN+CAV1+","10","41","PanCK-Vim+MUC1-","7","170","9.88020086083214","-0.887871853546914","0",TRUE
"170","TAFs1","aSMA+CD90+PDGFRb-PDPN+CAV1+","10","41","PanCK-Vim-MUC1+","8","105","17.062950058072","-0.156920488010096","0.306",FALSE
"171","TAFs1","aSMA+CD90+PDGFRb-PDPN+CAV1+","10","41","aSMA+CD90+PDGFRb+PDPN+CAV1+","9","807","18.0382023151087","-0.344348846304266","0.078",FALSE
"172","TAFs1","aSMA+CD90+PDGFRb-PDPN+CAV1+","10","41","aSMA+CD90+PDGFRb-PDPN+CAV1+","10","41","260.343292682927","5.16616350682285","1",TRUE
"173","TAFs1","aSMA+CD90+PDGFRb-PDPN+CAV1+","10","41","aSMA+CD90+PDGFRb-PDPN-CAV1+","11","59","13.2852418354692","-0.346740887053331","0.16",FALSE
"174","TAFs1","aSMA+CD90+PDGFRb-PDPN+CAV1+","10","41","aSMA+CD90+PDGFRb-PDPN-CAV1-","12","255","13.6127211860354","-0.633265648450606","0.014",TRUE
"175","TAFs1","aSMA+CD90+PDGFRb-PDPN+CAV1+","10","41","aSMA+CD90-PDGFRb-PDPN-CAV1+","13","14","15.9965156794425","-0.0760401721664276","0.566",FALSE
"176","TAFs1","aSMA+CD90+PDGFRb-PDPN+CAV1+","10","41","aSMA+CD90-PDGFRb-PDPN-CAV1-","14","72","20.2178184281843","0.00975015234613041","0.476",FALSE
"177","TAFs1","aSMA+CD90+PDGFRb-PDPN+CAV1+","10","41","CD90+PDGFRb-PDPN-CAV1-","15","358","20.330767134487","0.0385275736556559","0.53",FALSE
"178","TAFs1","aSMA+CD90+PDGFRb-PDPN+CAV1+","10","41","CD90-PDGFRb+PDPN-CAV1-","16","145","5.40571909167368","-0.992031872509959","0",TRUE
"179","TAFs1","aSMA+CD90+PDGFRb-PDPN+CAV1+","10","41","CD90-PDGFRb-PDPN+CAV1-","17","482","20.9083088756199","0.112764739553521","0.66",FALSE
"180","TAFs1","aSMA+CD90+PDGFRb-PDPN+CAV1+","10","41","CD90-PDGFRb-PDPN-CAV1+","18","107","13.604513334853","-0.453488372093023","0.066",FALSE
"181","TAFs1","aSMA+CD90+PDGFRb-PDPN-CAV1+","11","59","PanCK+Vim+MUC1+","1","69","14.6605256693687","-0.29613627947167","0.164",FALSE
"182","TAFs1","aSMA+CD90+PDGFRb-PDPN-CAV1+","11","59","PanCK+Vim+MUC1-","2","65","11.9713168187744","-0.512172992590353","0.062",FALSE
"183","TAFs1","aSMA+CD90+PDGFRb-PDPN-CAV1+","11","59","PanCK+Vim-MUC1+","3","955","9.85910018635194","-3.08719346049046","0",TRUE
"184","TAFs1","aSMA+CD90+PDGFRb-PDPN-CAV1+","11","59","PanCK+Vim-MUC1-","4","358","9.12896506012688","-1.86301570988109","0",TRUE
"185","TAFs1","aSMA+CD90+PDGFRb-PDPN-CAV1+","11","59","PanCK-Vim-MUC1-","5","518","10.2149074013481","-1.95479468746193","0",TRUE
"186","TAFs1","aSMA+CD90+PDGFRb-PDPN-CAV1+","11","59","PanCK-Vim+MUC1+","6","12","38.906779661017","0.489274770173647","0.914",FALSE
"187","TAFs1","aSMA+CD90+PDGFRb-PDPN-CAV1+","11","59","PanCK-Vim+MUC1-","7","170","28.8367896311067","0.906489620347862","1",TRUE
"188","TAFs1","aSMA+CD90+PDGFRb-PDPN-CAV1+","11","59","PanCK-Vim-MUC1+","8","105","11.8573042776433","-0.702825428859735","0.014",TRUE
"189","TAFs1","aSMA+CD90+PDGFRb-PDPN-CAV1+","11","59","aSMA+CD90+PDGFRb+PDPN+CAV1+","9","807","29.794782937433","2.99028273722418","1",TRUE
"190","TAFs1","aSMA+CD90+PDGFRb-PDPN-CAV1+","11","59","aSMA+CD90+PDGFRb-PDPN+CAV1+","10","41","11.3873501446879","-0.369446135118684","0.046",TRUE
"191","TAFs1","aSMA+CD90+PDGFRb-PDPN-CAV1+","11","59","aSMA+CD90+PDGFRb-PDPN-CAV1+","11","59","299.179719462303","10.7533285168748","1",TRUE
"192","TAFs1","aSMA+CD90+PDGFRb-PDPN-CAV1+","11","59","aSMA+CD90+PDGFRb-PDPN-CAV1-","12","255","54.9272183449651","4.2517921809179","1",TRUE
"193","TAFs1","aSMA+CD90+PDGFRb-PDPN-CAV1+","11","59","aSMA+CD90-PDGFRb-PDPN-CAV1+","13","14","11.1162227602906","-0.146569845213071","0.168",FALSE
"194","TAFs1","aSMA+CD90+PDGFRb-PDPN-CAV1+","11","59","aSMA+CD90-PDGFRb-PDPN-CAV1-","14","72","56.19868173258","2.46929180135174","1",TRUE
"195","TAFs1","aSMA+CD90+PDGFRb-PDPN-CAV1+","11","59","CD90+PDGFRb-PDPN-CAV1-","15","358","3.47770097528643","-2.70001423082399","0",TRUE
"196","TAFs1","aSMA+CD90+PDGFRb-PDPN-CAV1+","11","59","CD90-PDGFRb+PDPN-CAV1-","16","145","9.1229690239626","-1.05371248025276","0",TRUE
"197","TAFs1","aSMA+CD90+PDGFRb-PDPN-CAV1+","11","59","CD90-PDGFRb-PDPN+CAV1-","17","482","5.00460651241297","-2.38478896353659","0",TRUE
"198","TAFs1","aSMA+CD90+PDGFRb-PDPN-CAV1+","11","59","CD90-PDGFRb-PDPN-CAV1+","18","107","3.63614763187074","-1.6144714527982","0",TRUE
"199","TAFs1","aSMA+CD90+PDGFRb-PDPN-CAV1-","12","255","PanCK+Vim+MUC1+","1","69","13.8290991759022","-0.755505904883504","0.004",TRUE
"200","TAFs1","aSMA+CD90+PDGFRb-PDPN-CAV1-","12","255","PanCK+Vim+MUC1-","2","65","13.5721870286576","-0.746724890829698","0.004",TRUE
"201","TAFs1","aSMA+CD90+PDGFRb-PDPN-CAV1-","12","255","PanCK+Vim-MUC1+","3","955","8.67204599117134","-7.90219455581336","0",TRUE
"202","TAFs1","aSMA+CD90+PDGFRb-PDPN-CAV1-","12","255","PanCK+Vim-MUC1-","4","358","7.74470369153248","-3.7646949978412","0",TRUE
"203","TAFs1","aSMA+CD90+PDGFRb-PDPN-CAV1-","12","255","PanCK-Vim-MUC1-","5","518","13.5898326898327","-2.78592063250723","0",TRUE
"204","TAFs1","aSMA+CD90+PDGFRb-PDPN-CAV1-","12","255","PanCK-Vim+MUC1+","6","12","97.5212418300653","4.42641768031524","1",TRUE
"205","TAFs1","aSMA+CD90+PDGFRb-PDPN-CAV1-","12","255","PanCK-Vim+MUC1-","7","170","27.9590311418685","1.49567769053849","1",TRUE
"206","TAFs1","aSMA+CD90+PDGFRb-PDPN-CAV1-","12","255","PanCK-Vim-MUC1+","8","105","19.3756489262372","-0.0974304068522494","0.35",FALSE
"207","TAFs1","aSMA+CD90+PDGFRb-PDPN-CAV1-","12","255","aSMA+CD90+PDGFRb+PDPN+CAV1+","9","807","23.3805573778458","2.12684677666179","1",TRUE
"208","TAFs1","aSMA+CD90+PDGFRb-PDPN-CAV1-","12","255","aSMA+CD90+PDGFRb-PDPN+CAV1+","10","41","10.0997608799617","-1.17346305112813","0",TRUE
"209","TAFs1","aSMA+CD90+PDGFRb-PDPN-CAV1-","12","255","aSMA+CD90+PDGFRb-PDPN-CAV1+","11","59","58.2838816882685","4.35849317914271","1",TRUE
"210","TAFs1","aSMA+CD90+PDGFRb-PDPN-CAV1-","12","255","aSMA+CD90+PDGFRb-PDPN-CAV1-","12","255","98.9506870464721","12.5680072300046","1",TRUE
"211","TAFs1","aSMA+CD90+PDGFRb-PDPN-CAV1-","12","255","aSMA+CD90-PDGFRb-PDPN-CAV1+","13","14","16.7179271708683","-0.16279069767442","0.338",FALSE
"212","TAFs1","aSMA+CD90+PDGFRb-PDPN-CAV1-","12","255","aSMA+CD90-PDGFRb-PDPN-CAV1-","14","72","44.7597494553377","3.21238938053097","1",TRUE
"213","TAFs1","aSMA+CD90+PDGFRb-PDPN-CAV1-","12","255","CD90+PDGFRb-PDPN-CAV1-","15","358","14.88592397853","-1.77336159689099","0",TRUE
"214","TAFs1","aSMA+CD90+PDGFRb-PDPN-CAV1-","12","255","CD90-PDGFRb+PDPN-CAV1-","16","145","7.32573360378634","-1.83123678457513","0",TRUE
"215","TAFs1","aSMA+CD90+PDGFRb-PDPN-CAV1-","12","255","CD90-PDGFRb-PDPN+CAV1-","17","482","10.3840045561793","-3.69700025934362","0",TRUE
"216","TAFs1","aSMA+CD90+PDGFRb-PDPN-CAV1-","12","255","CD90-PDGFRb-PDPN-CAV1+","18","107","11.4417445482866","-1.44554399135528","0",TRUE
"217","TAFs1","aSMA+CD90-PDGFRb-PDPN-CAV1+","13","14","PanCK+Vim+MUC1+","1","69","4.75258799171843","-0.466705778820769","0.024",TRUE
"218","TAFs1","aSMA+CD90-PDGFRb-PDPN-CAV1+","13","14","PanCK+Vim+MUC1-","2","65","10.0901098901099","-0.229874776386404","0.074",FALSE
"219","TAFs1","aSMA+CD90-PDGFRb-PDPN-CAV1+","13","14","PanCK+Vim-MUC1+","3","955","20.602842183994","0.09210128114597","0.618",FALSE
"220","TAFs1","aSMA+CD90-PDGFRb-PDPN-CAV1+","13","14","PanCK+Vim-MUC1-","4","358","4.58000798084597","-1.12992545260916","0",TRUE
"221","TAFs1","aSMA+CD90-PDGFRb-PDPN-CAV1+","13","14","PanCK-Vim-MUC1-","5","518","7.59680088251517","-0.97706603400553","0",TRUE
"222","TAFs1","aSMA+CD90-PDGFRb-PDPN-CAV1+","13","14","PanCK-Vim+MUC1+","6","12","109.309523809524","0.763705103969753","0.992",TRUE
"223","TAFs1","aSMA+CD90-PDGFRb-PDPN-CAV1+","13","14","PanCK-Vim+MUC1-","7","170","19.2899159663866","-0.0260457774269928","0.434",FALSE
"224","TAFs1","aSMA+CD90-PDGFRb-PDPN-CAV1+","13","14","PanCK-Vim-MUC1+","8","105","34.3544217687075","0.598823214763306","0.938",FALSE
"225","TAFs1","aSMA+CD90-PDGFRb-PDPN-CAV1+","13","14","aSMA+CD90+PDGFRb+PDPN+CAV1+","9","807","48.3562577447336","3.1619673903252","1",TRUE
"226","TAFs1","aSMA+CD90-PDGFRb-PDPN-CAV1+","13","14","aSMA+CD90+PDGFRb-PDPN+CAV1+","10","41","7.99825783972125","-0.255380200860832","0.308",FALSE
"227","TAFs1","aSMA+CD90-PDGFRb-PDPN-CAV1+","13","14","aSMA+CD90+PDGFRb-PDPN-CAV1+","11","59","11.1162227602906","-0.158138555485366","0.166",FALSE
"228","TAFs1","aSMA+CD90-PDGFRb-PDPN-CAV1+","13","14","aSMA+CD90+PDGFRb-PDPN-CAV1-","12","255","16.7179271708683","-0.180811808118082","0.302",FALSE
"229","TAFs1","aSMA+CD90-PDGFRb-PDPN-CAV1+","13","14","aSMA+CD90-PDGFRb-PDPN-CAV1+","13","14","302.703296703297","1.5603810591202","1",TRUE
"230","TAFs1","aSMA+CD90-PDGFRb-PDPN-CAV1+","13","14","aSMA+CD90-PDGFRb-PDPN-CAV1-","14","72","77.4275793650794","1.9000900090009","1",TRUE
"231","TAFs1","aSMA+CD90-PDGFRb-PDPN-CAV1+","13","14","CD90+PDGFRb-PDPN-CAV1-","15","358","3.66400638467678","-1.46467302004601","0",TRUE
"232","TAFs1","aSMA+CD90-PDGFRb-PDPN-CAV1+","13","14","CD90-PDGFRb+PDPN-CAV1-","16","145","2.2615763546798","-0.843018213356457","0.004",TRUE
"233","TAFs1","aSMA+CD90-PDGFRb-PDPN-CAV1+","13","14","CD90-PDGFRb-PDPN+CAV1-","17","482","3.40174866627149","-1.9505582137161","0",TRUE
"234","TAFs1","aSMA+CD90-PDGFRb-PDPN-CAV1+","13","14","CD90-PDGFRb-PDPN-CAV1+","18","107","3.06475300400534","-0.487834762821635","0.004",TRUE
"235","TAFs1","aSMA+CD90-PDGFRb-PDPN-CAV1-","14","72","PanCK+Vim+MUC1+","1","69","5.54468599033816","-0.961745953898973","0",TRUE
"236","TAFs1","aSMA+CD90-PDGFRb-PDPN-CAV1-","14","72","PanCK+Vim+MUC1-","2","65","3.92393162393162","-1.14532871972318","0",TRUE
"237","TAFs1","aSMA+CD90-PDGFRb-PDPN-CAV1-","14","72","PanCK+Vim-MUC1+","3","955","13.1533885980221","-2.11655931851237","0",TRUE
"238","TAFs1","aSMA+CD90-PDGFRb-PDPN-CAV1-","14","72","PanCK+Vim-MUC1-","4","358","10.8647967101179","-1.75690950444552","0",TRUE
"239","TAFs1","aSMA+CD90-PDGFRb-PDPN-CAV1-","14","72","PanCK-Vim-MUC1-","5","518","9.72460853710854","-2.49819059107356","0",TRUE
"240","TAFs1","aSMA+CD90-PDGFRb-PDPN-CAV1-","14","72","PanCK-Vim+MUC1+","6","12","42.5092592592593","0.674796747967479","0.954",TRUE
"241","TAFs1","aSMA+CD90-PDGFRb-PDPN-CAV1-","14","72","PanCK-Vim+MUC1-","7","170","22.8799836601307","0.326871297792138","0.854",FALSE
"242","TAFs1","aSMA+CD90-PDGFRb-PDPN-CAV1-","14","72","PanCK-Vim-MUC1+","8","105","12.7527777777778","-0.778304682869002","0.008",TRUE
"243","TAFs1","aSMA+CD90-PDGFRb-PDPN-CAV1-","14","72","aSMA+CD90+PDGFRb+PDPN+CAV1+","9","807","35.9511393363624","5.34230036009326","1",TRUE
"244","TAFs1","aSMA+CD90-PDGFRb-PDPN-CAV1-","14","72","aSMA+CD90+PDGFRb-PDPN+CAV1+","10","41","13.9969512195122","-0.315356790529432","0.134",FALSE
"245","TAFs1","aSMA+CD90-PDGFRb-PDPN-CAV1-","14","72","aSMA+CD90+PDGFRb-PDPN-CAV1+","11","59","56.19868173258","2.29657431418042","1",TRUE
"246","TAFs1","aSMA+CD90-PDGFRb-PDPN-CAV1-","14","72","aSMA+CD90+PDGFRb-PDPN-CAV1-","12","255","41.0089324618736","2.2759257248344","1",TRUE
"247","TAFs1","aSMA+CD90-PDGFRb-PDPN-CAV1-","14","72","aSMA+CD90-PDGFRb-PDPN-CAV1+","13","14","68.3184523809524","1.87138375740676","1",TRUE
"248","TAFs1","aSMA+CD90-PDGFRb-PDPN-CAV1-","14","72","aSMA+CD90-PDGFRb-PDPN-CAV1-","14","72","131.120109546166","5.67418201814681","1",TRUE
"249","TAFs1","aSMA+CD90-PDGFRb-PDPN-CAV1-","14","72","CD90+PDGFRb-PDPN-CAV1-","15","358","9.79612818125388","-1.55677132017375","0",TRUE
"250","TAFs1","aSMA+CD90-PDGFRb-PDPN-CAV1-","14","72","CD90-PDGFRb+PDPN-CAV1-","16","145","11.4335249042146","-0.955671447196871","0",TRUE
"251","TAFs1","aSMA+CD90-PDGFRb-PDPN-CAV1-","14","72","CD90-PDGFRb-PDPN+CAV1-","17","482","8.86344513600738","-2.57693493678692","0",TRUE
"252","TAFs1","aSMA+CD90-PDGFRb-PDPN-CAV1-","14","72","CD90-PDGFRb-PDPN-CAV1+","18","107","8.34293873312565","-1.08607817303469","0",TRUE
"253","TAFs1","CD90+PDGFRb-PDPN-CAV1-","15","358","PanCK+Vim+MUC1+","1","69","26.7631770706825","0.973507126582952","1",TRUE
"254","TAFs1","CD90+PDGFRb-PDPN-CAV1-","15","358","PanCK+Vim+MUC1-","2","65","23.8724108293941","0.626284646527563","0.98",TRUE
"255","TAFs1","CD90+PDGFRb-PDPN-CAV1-","15","358","PanCK+Vim-MUC1+","3","955","19.0413232326187","-0.77859828444066","0.028",TRUE
"256","TAFs1","CD90+PDGFRb-PDPN-CAV1-","15","358","PanCK+Vim-MUC1-","4","358","23.3913033301083","1.4796682552454","1",TRUE
"257","TAFs1","CD90+PDGFRb-PDPN-CAV1-","15","358","PanCK-Vim-MUC1-","5","518","21.3898751105455","0.639459421739436","0.978",TRUE
"258","TAFs1","CD90+PDGFRb-PDPN-CAV1-","15","358","PanCK-Vim+MUC1+","6","12","8.54934823091248","-0.726280900428117","0",TRUE
"259","TAFs1","CD90+PDGFRb-PDPN-CAV1-","15","358","PanCK-Vim+MUC1-","7","170","14.3327308577062","-1.59045172339968","0",TRUE
"260","TAFs1","CD90+PDGFRb-PDPN-CAV1-","15","358","PanCK-Vim-MUC1+","8","105","16.7322958233573","-0.693002257336342","0.008",TRUE
"261","TAFs1","CD90+PDGFRb-PDPN-CAV1-","15","358","aSMA+CD90+PDGFRb+PDPN+CAV1+","9","807","5.46649775359459","-8.79411198768494","0",TRUE
"262","TAFs1","CD90+PDGFRb-PDPN-CAV1-","15","358","aSMA+CD90+PDGFRb-PDPN+CAV1+","10","41","23.7713584957079","0.458246265768905","0.922",FALSE
"263","TAFs1","CD90+PDGFRb-PDPN-CAV1-","15","358","aSMA+CD90+PDGFRb-PDPN-CAV1+","11","59","5.65126408484045","-2.22255790533738","0",TRUE
"264","TAFs1","CD90+PDGFRb-PDPN-CAV1-","15","358","aSMA+CD90+PDGFRb-PDPN-CAV1-","12","255","17.0484061781137","-1.14420263716885","0",TRUE
"265","TAFs1","CD90+PDGFRb-PDPN-CAV1-","15","358","aSMA+CD90-PDGFRb-PDPN-CAV1+","13","14","4.58000798084597","-1.11332716946242","0",TRUE
"266","TAFs1","CD90+PDGFRb-PDPN-CAV1-","15","358","aSMA+CD90-PDGFRb-PDPN-CAV1-","14","72","9.97423960273122","-1.58097453060297","0",TRUE
"267","TAFs1","CD90+PDGFRb-PDPN-CAV1-","15","358","CD90+PDGFRb-PDPN-CAV1-","15","358","41.0943461183356","5.03038688276644","1",TRUE
"268","TAFs1","CD90+PDGFRb-PDPN-CAV1-","15","358","CD90-PDGFRb+PDPN-CAV1-","16","145","25.0289539587748","1.1377085300598","1",TRUE
"269","TAFs1","CD90+PDGFRb-PDPN-CAV1-","15","358","CD90-PDGFRb-PDPN+CAV1-","17","482","28.5746887966805","4.2762965910598","1",TRUE
"270","TAFs1","CD90+PDGFRb-PDPN-CAV1-","15","358","CD90-PDGFRb-PDPN-CAV1+","18","107","33.3184879653318","2.91550774075049","1",TRUE
"271","TAFs1","CD90-PDGFRb+PDPN-CAV1-","16","145","PanCK+Vim+MUC1+","1","69","15.1427286356822","-0.50617044019046","0.04",TRUE
"272","TAFs1","CD90-PDGFRb+PDPN-CAV1-","16","145","PanCK+Vim+MUC1-","2","65","27.2780901856764","0.93687665698776","0.992",TRUE
"273","TAFs1","CD90-PDGFRb+PDPN-CAV1-","16","145","PanCK+Vim-MUC1+","3","955","18.3010074020581","-0.746477191306412","0.008",TRUE
"274","TAFs1","CD90-PDGFRb+PDPN-CAV1-","16","145","PanCK+Vim-MUC1-","4","358","26.7977846272395","1.80721747388417","1",TRUE
"275","TAFs1","CD90-PDGFRb+PDPN-CAV1-","16","145","PanCK-Vim-MUC1-","5","518","22.9213819731061","0.94112798775461","0.998",TRUE
"276","TAFs1","CD90-PDGFRb+PDPN-CAV1-","16","145","PanCK-Vim+MUC1+","6","12","0","-0.795142555438227","0",TRUE
"277","TAFs1","CD90-PDGFRb+PDPN-CAV1-","16","145","PanCK-Vim+MUC1-","7","170","20.4872210953347","0.0623647641486755","0.594",FALSE
"278","TAFs1","CD90-PDGFRb+PDPN-CAV1-","16","145","PanCK-Vim-MUC1+","8","105","8.4432183908046","-1.46885445153448","0",TRUE
"279","TAFs1","CD90-PDGFRb+PDPN-CAV1-","16","145","aSMA+CD90+PDGFRb+PDPN+CAV1+","9","807","9.45546297483228","-4.05597688696283","0",TRUE
"280","TAFs1","CD90-PDGFRb+PDPN-CAV1-","16","145","aSMA+CD90+PDGFRb-PDPN+CAV1+","10","41","7.72245584524811","-1.05761316872428","0",TRUE
"281","TAFs1","CD90-PDGFRb+PDPN-CAV1-","16","145","aSMA+CD90+PDGFRb-PDPN-CAV1+","11","59","15.0260666277031","-0.387604070305273","0.05",TRUE
"282","TAFs1","CD90-PDGFRb+PDPN-CAV1-","16","145","aSMA+CD90+PDGFRb-PDPN-CAV1-","12","255","8.31905341446924","-2.17855168601435","0",TRUE
"283","TAFs1","CD90-PDGFRb+PDPN-CAV1-","16","145","aSMA+CD90-PDGFRb-PDPN-CAV1+","13","14","2.2615763546798","-0.849836779107722","0.004",TRUE
"284","TAFs1","CD90-PDGFRb+PDPN-CAV1-","16","145","aSMA+CD90-PDGFRb-PDPN-CAV1-","14","72","14.5117816091954","-0.528117359413204","0.038",TRUE
"285","TAFs1","CD90-PDGFRb+PDPN-CAV1-","16","145","CD90+PDGFRb-PDPN-CAV1-","15","358","27.2399922943556","1.8887065901012","1",TRUE
"286","TAFs1","CD90-PDGFRb+PDPN-CAV1-","16","145","CD90-PDGFRb+PDPN-CAV1-","16","145","59.1465038314176","4.78340667596866","1",TRUE
"287","TAFs1","CD90-PDGFRb+PDPN-CAV1-","16","145","CD90-PDGFRb-PDPN+CAV1-","17","482","26.2098869652311","1.95326951160151","1",TRUE
"288","TAFs1","CD90-PDGFRb+PDPN-CAV1-","16","145","CD90-PDGFRb-PDPN-CAV1+","18","107","25.7439252336449","0.795065169276165","0.996",TRUE
"289","TAFs1","CD90-PDGFRb-PDPN+CAV1-","17","482","PanCK+Vim+MUC1+","1","69","16.4269950087197","-0.690367587872286","0.014",TRUE
"290","TAFs1","CD90-PDGFRb-PDPN+CAV1-","17","482","PanCK+Vim+MUC1-","2","65","30.3331311841685","1.78920570264764","1",TRUE
"291","TAFs1","CD90-PDGFRb-PDPN+CAV1-","17","482","PanCK+Vim-MUC1+","3","955","17.872894353805","-1.78188964320348","0",TRUE
"292","TAFs1","CD90-PDGFRb-PDPN+CAV1-","17","482","PanCK+Vim-MUC1-","4","358","25.4618037043047","1.94232943837168","1",TRUE
"293","TAFs1","CD90-PDGFRb-PDPN+CAV1-","17","482","PanCK-Vim-MUC1-","5","518","20.4840433201429","0.332491000548309","0.826",FALSE
"294","TAFs1","CD90-PDGFRb-PDPN+CAV1-","17","482","PanCK-Vim+MUC1+","6","12","2.38122406639004","-1.42780475338615","0",TRUE
"295","TAFs1","CD90-PDGFRb-PDPN+CAV1-","17","482","PanCK-Vim+MUC1-","7","170","15.0717476202099","-1.43249420446011","0",TRUE
"296","TAFs1","CD90-PDGFRb-PDPN+CAV1-","17","482","PanCK-Vim-MUC1+","8","105","23.5854574194823","0.83103113251384","0.994",TRUE
"297","TAFs1","CD90-PDGFRb-PDPN+CAV1-","17","482","aSMA+CD90+PDGFRb+PDPN+CAV1+","9","807","5.55914019960203","-12.9305479278441","0",TRUE
"298","TAFs1","CD90-PDGFRb-PDPN+CAV1-","17","482","aSMA+CD90+PDGFRb-PDPN+CAV1+","10","41","21.3729379617448","0.201862321250416","0.742",FALSE
"299","TAFs1","CD90-PDGFRb-PDPN+CAV1-","17","482","aSMA+CD90+PDGFRb-PDPN-CAV1+","11","59","6.29611787045503","-2.43760742523203","0",TRUE
"300","TAFs1","CD90-PDGFRb-PDPN+CAV1-","17","482","aSMA+CD90+PDGFRb-PDPN-CAV1-","12","255","10.9069400374258","-3.89911686972211","0",TRUE
"301","TAFs1","CD90-PDGFRb-PDPN+CAV1-","17","482","aSMA+CD90-PDGFRb-PDPN-CAV1+","13","14","6.80349733254298","-1.16710811461593","0",TRUE
"302","TAFs1","CD90-PDGFRb-PDPN+CAV1-","17","482","aSMA+CD90-PDGFRb-PDPN-CAV1-","14","72","11.5092496542185","-1.39813429552056","0",TRUE
"303","TAFs1","CD90-PDGFRb-PDPN+CAV1-","17","482","CD90+PDGFRb-PDPN-CAV1-","15","358","28.8673532070748","4.34966894322503","1",TRUE
"304","TAFs1","CD90-PDGFRb-PDPN+CAV1-","17","482","CD90-PDGFRb+PDPN-CAV1-","16","145","27.0638431821434","2.17539246155073","1",TRUE
"305","TAFs1","CD90-PDGFRb-PDPN+CAV1-","17","482","CD90-PDGFRb-PDPN+CAV1-","17","482","39.842185626418","6.83301458936661","1",TRUE
"306","TAFs1","CD90-PDGFRb-PDPN+CAV1-","17","482","CD90-PDGFRb-PDPN-CAV1+","18","107","36.2302128979718","4.08214588823868","1",TRUE
"307","TAFs1","CD90-PDGFRb-PDPN-CAV1+","18","107","PanCK+Vim+MUC1+","1","69","19.8986861709332","-0.00694794079146112","0.526",FALSE
"308","TAFs1","CD90-PDGFRb-PDPN-CAV1+","18","107","PanCK+Vim+MUC1-","2","65","26.4040258806614","0.715666761444416","0.97",TRUE
"309","TAFs1","CD90-PDGFRb-PDPN-CAV1+","18","107","PanCK+Vim-MUC1+","3","955","18.1061114645007","-0.713142004206524","0.018",TRUE
"310","TAFs1","CD90-PDGFRb-PDPN-CAV1+","18","107","PanCK+Vim-MUC1-","4","358","34.0375920221375","3.43616084531846","1",TRUE
"311","TAFs1","CD90-PDGFRb-PDPN-CAV1+","18","107","PanCK-Vim-MUC1-","5","518","15.2409338577563","-1.19178082191781","0",TRUE
"312","TAFs1","CD90-PDGFRb-PDPN-CAV1+","18","107","PanCK-Vim+MUC1+","6","12","14.3021806853583","-0.206854936036688","0.17",FALSE
"313","TAFs1","CD90-PDGFRb-PDPN-CAV1+","18","107","PanCK-Vim+MUC1-","7","170","11.6100054975261","-1.33437977944136","0",TRUE
"314","TAFs1","CD90-PDGFRb-PDPN-CAV1+","18","107","PanCK-Vim-MUC1+","8","105","16.3453493546951","-0.426884471560718","0.09",FALSE
"315","TAFs1","CD90-PDGFRb-PDPN-CAV1+","18","107","aSMA+CD90+PDGFRb+PDPN+CAV1+","9","807","4.8914521303084","-5.65630355932882","0",TRUE
"316","TAFs1","CD90-PDGFRb-PDPN-CAV1+","18","107","aSMA+CD90+PDGFRb-PDPN+CAV1+","10","41","12.5580123090951","-0.577535888941472","0.026",TRUE
"317","TAFs1","CD90-PDGFRb-PDPN-CAV1+","18","107","aSMA+CD90+PDGFRb-PDPN-CAV1+","11","59","7.27229526374149","-1.17048145224941","0",TRUE
"318","TAFs1","CD90-PDGFRb-PDPN-CAV1+","18","107","aSMA+CD90+PDGFRb-PDPN-CAV1-","12","255","13.1243540406817","-1.2976767934644","0",TRUE
"319","TAFs1","CD90-PDGFRb-PDPN-CAV1+","18","107","aSMA+CD90-PDGFRb-PDPN-CAV1+","13","14","6.12950600801068","-0.483050847457628","0.012",TRUE
"320","TAFs1","CD90-PDGFRb-PDPN-CAV1+","18","107","aSMA+CD90-PDGFRb-PDPN-CAV1-","14","72","8.34293873312565","-1.15091268457156","0",TRUE
"321","TAFs1","CD90-PDGFRb-PDPN-CAV1+","18","107","CD90+PDGFRb-PDPN-CAV1-","15","358","34.2772933744061","2.90457586560532","1",TRUE
"322","TAFs1","CD90-PDGFRb-PDPN-CAV1+","18","107","CD90-PDGFRb+PDPN-CAV1-","16","145","25.7439252336449","0.864007252946512","0.99",TRUE
"323","TAFs1","CD90-PDGFRb-PDPN-CAV1+","18","107","CD90-PDGFRb-PDPN+CAV1-","17","482","35.1620002326754","4.07890591436341","1",TRUE
"324","TAFs1","CD90-PDGFRb-PDPN-CAV1+","18","107","CD90-PDGFRb-PDPN-CAV1+","18","107","53.0260095221301","2.64569215876089","1",TRUE
